{"cameraMode":{"drawMode":0,"name":"Shaded","section":"Shading Mode"},"sceneLighting":true,"audioPlay":false,"sceneViewState":{"m_AlwaysRefresh":false,"showFog":true,"showSkybox":true,"showFlares":true,"showImageEffects":true,"showParticleSystems":true,"showVisualEffectGraphs":true,"m_FxEnabled":true},"in2DMode":false,"pivot":{"x":4.999509811401367,"y":-0.3651019036769867,"z":-4.1902313232421879},"rotation":{"x":-0.008013526909053326,"y":0.965969443321228,"z":-0.25677186250686648,"w":-0.03014710545539856},"size":26.063474655151368,"orthographic":false}